{"cameraMode":{"drawMode":0,"name":"Shaded","section":"Shading Mode"},"sceneLighting":true,"audioPlay":false,"sceneViewState":{"showFog":true,"showMaterialUpdate":false,"showSkybox":true,"showFlares":true,"showImageEffects":true,"showParticleSystems":true},"in2DMode":false,"pivot":{"x":-7.3294830322265629,"y":-7.845893859863281,"z":-7.198335647583008},"rotation":{"x":0.4409779906272888,"y":0.06049865484237671,"z":-0.02980900928378105,"w":0.8949803113937378},"size":19.28095245361328,"orthographic":false}