{"cameraMode":{"drawMode":0,"name":"Shaded","section":"Shading Mode"},"sceneLighting":false,"audioPlay":false,"sceneViewState":{"showFog":true,"showMaterialUpdate":false,"showSkybox":false,"showFlares":true,"showImageEffects":true,"showParticleSystems":true},"in2DMode":false,"pivot":{"x":-4.239999771118164,"y":0.6200000047683716,"z":3.010000228881836},"rotation":{"x":0.50087970495224,"y":0.30092233419418337,"z":-0.1911073476076126,"w":0.7886971831321716},"size":7.523342609405518,"orthographic":false}