{"cameraMode":{"drawMode":0,"name":"Shaded","section":"Shading Mode"},"sceneLighting":false,"audioPlay":false,"sceneViewState":{"showFog":true,"showMaterialUpdate":false,"showSkybox":false,"showFlares":true,"showImageEffects":true,"showParticleSystems":true},"in2DMode":false,"pivot":{"x":5.599999904632568,"y":4.900000095367432,"z":-13.600000381469727},"rotation":{"x":0.4409779906272888,"y":0.06049865484237671,"z":-0.02980900928378105,"w":0.8949803113937378},"size":5.434792518615723,"orthographic":false}