{"cameraMode":{"drawMode":0,"name":"Shaded","section":"Shading Mode"},"sceneLighting":true,"audioPlay":false,"sceneViewState":{"showFog":true,"showMaterialUpdate":false,"showSkybox":true,"showFlares":true,"showImageEffects":true,"showParticleSystems":true},"in2DMode":false,"pivot":{"x":6.7490620613098148,"y":1.8860663175582886,"z":28.5749568939209},"rotation":{"x":-0.05305875465273857,"y":0.9468764662742615,"z":-0.21852104365825654,"w":-0.2299094796180725},"size":39.31593322753906,"orthographic":false}