{"cameraMode":{"drawMode":0,"name":"Shaded","section":"Shading Mode"},"sceneLighting":true,"audioPlay":false,"sceneViewState":{"showFog":true,"showMaterialUpdate":false,"showSkybox":true,"showFlares":true,"showImageEffects":true,"showParticleSystems":true},"in2DMode":false,"pivot":{"x":562.2351684570313,"y":358.95257568359377,"z":289.23052978515627},"rotation":{"x":-0.26986896991729739,"y":0.019357306882739068,"z":-0.005405044183135033,"w":-0.9626995325088501},"size":551.147705078125,"orthographic":false}